,timestamp,open,high,low,close,volume,daily_return,volatility,SMA_20,SMA_50,golden_cross,death_cross,upper_band,lower_band
0,2023-09-18,1622.48,1669.5,1603.88,1636.66,279041.6978,,,,,False,False,,
1,2023-09-19,1636.66,1661.04,1626.32,1643.12,184282.4258,0.003947062920826472,,,,False,False,,
2,2023-09-20,1643.13,1649.34,1604.51,1622.26,232844.2347,-0.012695360046740323,,,,False,False,,
3,2023-09-21,1622.27,1625.3,1567.77,1583.94,240627.544,-0.023621367721573527,,,,False,False,,
4,2023-09-22,1583.94,1602.68,1576.58,1593.08,124886.091,0.0057704205967397115,,,,False,False,,
5,2023-09-23,1593.07,1598.24,1587.45,1593.86,64537.1341,0.0004896175961031091,,,,False,False,,
6,2023-09-24,1593.85,1601.12,1570.01,1580.71,137517.8533,-0.008250410952028275,,,,False,False,,
7,2023-09-25,1580.71,1597.5,1563.01,1588.33,176706.9277,0.004820618582788594,0.011067307053487867,,,False,False,,
8,2023-09-26,1588.34,1599.78,1580.05,1594.01,125583.0161,0.0035760830557882706,0.011022477848102622,,,False,False,,
9,2023-09-27,1594.02,1634.1,1583.5,1598.64,274404.4328,0.002904624186799376,0.010604903931938407,,,False,False,,
10,2023-09-28,1598.63,1668.21,1598.14,1652.99,331409.7015,0.03399764800080063,0.01312734143115593,,,False,False,,
11,2023-09-29,1653.0,1688.0,1648.37,1667.45,251975.6728,0.008747784318114515,0.013159790972419724,,,False,False,,
12,2023-09-30,1667.45,1694.32,1666.19,1670.89,136924.9141,0.002063030375723418,0.013050770121562739,,,False,False,,
13,2023-10-01,1670.89,1751.0,1668.0,1733.79,225611.5868,0.03764460856190399,0.015505385540176123,,,False,False,,
14,2023-10-02,1733.8,1744.0,1636.79,1662.4,378575.6898,-0.04117569025083767,0.025963325278318725,,,False,False,,
15,2023-10-03,1662.41,1670.65,1643.0,1656.88,198287.1164,-0.0033205004812318917,0.026236467168880402,,,False,False,,
16,2023-10-04,1656.88,1657.66,1625.0,1646.58,222861.7167,-0.006216503307421295,0.02662994211788415,,,False,False,,
17,2023-10-05,1646.58,1655.47,1606.73,1611.79,237378.7449,-0.021128642398182906,0.024533294749436045,,,False,False,,
18,2023-10-06,1611.79,1662.0,1611.68,1645.03,220507.9286,0.0206230340180793,0.025882046234533232,,,False,False,,
19,2023-10-07,1645.03,1647.71,1630.03,1633.57,101241.5732,-0.006966438302037026,0.02589148501722609,1630.799,,False,False,1708.2475246776,1553.3504753224
20,2023-10-08,1633.56,1641.4,1616.17,1632.84,149424.6635,-0.00044687402437604273,0.01903712577620612,1630.608,,False,False,1708.0144951987063,1553.2015048012936
21,2023-10-09,1632.85,1636.0,1546.0,1580.13,340141.0988,-0.03228117880502668,0.016627327401210486,1627.4585000000002,,False,False,1707.7919857820496,1547.1250142179508
22,2023-10-10,1580.13,1594.9,1550.55,1567.63,240659.3287,-0.00791074152126725,0.016543488541187774,1624.727,,False,False,1709.4024554880295,1540.0515445119706
23,2023-10-11,1567.62,1578.43,1544.26,1566.87,260253.9671,-0.00048480827746355537,0.016772929324871236,1623.8735000000001,,False,False,1710.5992801227221,1537.1477198772782
24,2023-10-12,1566.86,1568.56,1521.0,1539.61,237221.4977,-0.017397741995187843,0.016299600753012202,1621.2,,False,False,1714.936034973918,1527.4639650260822
25,2023-10-13,1539.61,1575.36,1537.76,1552.16,192205.8736,0.008151414968726067,0.013248335204438137,1619.1150000000002,,False,False,1717.1673079521174,1521.062692047883
26,2023-10-14,1552.16,1561.72,1544.55,1554.94,100314.6754,0.001791052468817611,0.013785827975792276,1617.8265,,False,False,1718.6421145539703,1517.0108854460295
27,2023-10-15,1554.94,1567.62,1547.44,1557.77,120311.2738,0.001820005916626899,0.0139889033581833,1616.2985,,False,False,1719.8847596608562,1512.712240339144
28,2023-10-16,1557.78,1639.43,1555.06,1599.42,418510.8644,0.02673693805889199,0.013725052342685649,1616.569,,False,False,1719.9382215008131,1513.1997784991868
29,2023-10-17,1599.41,1600.53,1551.08,1565.01,234817.0699,-0.02151404884270558,0.016090812514133898,1614.8875,,False,False,1720.5533221644264,1509.2216778355737
30,2023-10-18,1565.01,1585.42,1555.88,1563.44,177750.2253,-0.001003188478028827,0.016093919984039334,1610.41,,False,False,1716.8639416095548,1503.9560583904454
31,2023-10-19,1563.45,1574.45,1541.61,1566.57,216217.6675,0.0020019955994472483,0.014197969615859368,1605.366,,False,False,1709.9842466524435,1500.7477533475565
32,2023-10-20,1566.57,1630.4,1561.19,1603.89,315995.792,0.023822746509891246,0.01630420609198569,1602.016,,False,False,1701.9875509848462,1502.044449015154
33,2023-10-21,1603.88,1644.53,1592.36,1628.94,176419.4092,0.015618278061463098,0.016710334929559745,1596.7735,,False,False,1676.620479780076,1516.926520219924
34,2023-10-22,1628.94,1667.8,1621.1,1663.7,228650.9225,0.02133903028963613,0.01736001807212661,1596.8385,,False,False,1676.9122163723785,1516.7647836276217
35,2023-10-23,1663.69,1800.0,1657.07,1765.46,610931.9663,0.061164873474785164,0.0258395913111878,1602.2675,,False,False,1709.5740436519422,1494.9609563480576
36,2023-10-24,1765.47,1854.38,1756.21,1784.98,674055.1375,0.011056608475978003,0.020696443983508422,1609.1875,,False,False,1743.0824548792082,1475.2925451207918
37,2023-10-25,1784.98,1817.69,1760.0,1787.15,354410.8294,0.0012156998957972842,0.020350565118703527,1617.9555,,False,False,1773.7445962301615,1462.1664037698386
38,2023-10-26,1787.15,1865.54,1762.21,1803.38,431169.0453,0.00908149847522588,0.019496350189493035,1625.873,,False,False,1802.1975407405573,1449.5484592594428
39,2023-10-27,1803.39,1803.91,1744.66,1779.4,274532.6921,-0.013297252936153248,0.02314045187381559,1633.1645,,False,False,1822.4162726510879,1443.9127273489123
40,2023-10-28,1779.41,1803.23,1770.0,1776.2,122919.7382,-0.0017983589974148728,0.02400422567071526,1640.3325,,False,False,1840.1000245589762,1440.5649754410238
41,2023-10-29,1776.21,1811.3,1762.66,1795.14,144110.6508,0.010663213602071897,0.023699614123393768,1651.083,,False,False,1860.1350506426447,1442.0309493573554
42,2023-10-30,1795.14,1829.84,1777.77,1809.04,277686.192,0.007743128669630117,0.008878867238550914,1663.1535,,False,False,1879.6617619816525,1446.6452380183473
43,2023-10-31,1809.03,1819.41,1780.99,1814.67,258074.5796,0.003112147879538396,0.00824025608121572,1675.5435000000002,,False,False,1897.1532452042081,1453.9337547957923
44,2023-11-01,1814.67,1857.66,1783.19,1846.99,471921.6184,0.017810400789124214,0.010037655489647673,1690.9125,,False,False,1915.444077324415,1466.3809226755848
45,2023-11-02,1846.99,1875.0,1785.01,1800.8,368738.2193,-0.025008256677080065,0.014753158649040154,1703.3445,,False,False,1923.009533364799,1483.679466635201
46,2023-11-03,1800.79,1834.58,1777.11,1832.71,315000.2678,0.01771990226565978,0.014790437932868758,1717.2330000000002,,False,False,1932.4705339112838,1501.9954660887165
47,2023-11-04,1832.7,1869.9,1824.03,1855.54,171538.0364,0.012456962640024827,0.014788952528838223,1732.1215000000004,,False,False,1942.0443982545248,1522.198601745476
48,2023-11-05,1855.54,1912.67,1846.11,1891.71,383106.7628,0.019492977785442456,0.015573241501121547,1746.736,,False,False,1958.449977501426,1535.0220224985742
49,2023-11-06,1891.71,1914.23,1868.48,1900.95,328746.2394,0.004884469606863728,0.015606864138308807,1763.5330000000001,1672.0604,True,False,1967.7120616720135,1559.3539383279867
50,2023-11-07,1900.95,1906.99,1850.32,1885.27,332419.4406,-0.008248507325284704,0.016659211625824805,1779.6245000000004,1677.0326,True,False,1967.4806234982518,1591.768376501749
51,2023-11-08,1885.26,1904.69,1872.51,1888.12,247881.0997,0.001511719806712053,0.015781940671851385,1795.702,1681.9326,True,False,1960.3940368892734,1631.0099631107266
52,2023-11-09,1888.11,2132.0,1882.07,2121.32,1100330.3237,0.12350909899794527,0.04472986870589301,1821.5735,1691.9138,True,False,2018.7562987880685,1624.3907012119314
53,2023-11-10,2121.33,2136.99,2064.61,2077.72,555573.6495,-0.020553240435200903,0.04791873998852825,1844.0125,1701.7894000000001,True,False,2050.8015897941573,1637.2234102058428
54,2023-11-11,2077.72,2089.6,2030.3,2053.17,370966.0372,-0.011815836590108209,0.04932923782487317,1863.486,1710.9912,True,False,2072.1247583108066,1654.8472416891934
55,2023-11-12,2053.16,2066.5,2012.1,2044.68,281907.559,-0.00413506918569817,0.04981963167276914,1877.4470000000001,1720.0076000000001,True,False,2095.617432180661,1659.2765678193393
56,2023-11-13,2044.69,2118.0,2028.49,2053.65,529143.5815,0.0043869945419332534,0.04983210102517992,1890.8805,1729.4663999999998,True,False,2117.981347385384,1663.7796526146158
57,2023-11-14,2053.65,2064.96,1936.6,1979.39,481909.733,-0.036160007791006255,0.05276164270694042,1900.4924999999998,1737.2875999999999,True,False,2125.3697201961763,1675.6152798038233
58,2023-11-15,1979.4,2062.4,1967.01,2058.48,421870.8032,0.0399567543536139,0.05394838216617857,1913.2475000000002,1746.5770000000002,True,False,2143.7991458980887,1682.6958541019117
59,2023-11-16,2058.49,2090.4,1939.1,1961.77,545286.1297,-0.04698126773153011,0.028576427514993112,1922.366,1753.8396,True,False,2144.914932847544,1699.8170671524556
60,2023-11-17,1961.77,1991.5,1904.0,1960.82,401100.5069,-0.00048425656422523833,0.028436226260632944,1931.5970000000002,1759.9962,True,False,2143.688397388762,1719.5056026112384
61,2023-11-18,1960.82,1971.22,1916.0,1962.6,279368.2208,0.0009077834783406402,0.02854991285670473,1939.9699999999998,1765.8991999999998,True,False,2142.3800291877637,1737.5599708122359
62,2023-11-19,1962.59,2015.75,1942.89,2011.47,251132.6192,0.024900642005502904,0.030891587624261127,1950.0915,1772.7107999999998,True,False,2145.0421466316725,1755.1408533683275
63,2023-11-20,2011.47,2066.4,1990.0,2021.4,421717.679,0.004936688093782227,0.030910999067240402,1960.4279999999999,1778.4630000000002,True,False,2146.883237647854,1773.9727623521458
64,2023-11-21,2021.41,2034.6,1931.43,1933.01,490163.9863,-0.04372711981794797,0.03240713007804546,1964.729,1783.8752,True,False,2143.996506187649,1785.4614938123507
65,2023-11-22,1933.01,2092.46,1928.41,2063.21,466120.5109,0.06735609231199002,0.03935902441136843,1977.8494999999998,1792.0018000000002,True,False,2144.571976049278,1811.1270239507217
66,2023-11-23,2063.22,2088.94,2040.35,2062.2,250960.6958,-0.000489528453235577,0.03338473939437092,1989.3239999999998,1800.3142,True,False,2145.2248277753993,1833.4231722246004
67,2023-11-24,2062.21,2133.02,2059.37,2080.84,426932.5402,0.009038890505285835,0.03319251770066997,2000.589,1809.6951999999999,True,False,2148.121753601583,1853.056246398417
68,2023-11-25,2080.84,2090.54,2065.3,2083.09,138847.393,0.0010812940927702464,0.03318554107096925,2010.158,1818.4563999999998,True,False,2152.6977833441306,1867.6182166558692
69,2023-11-26,2083.1,2094.99,2036.42,2062.33,241262.9136,-0.00996596402459815,0.03301983111700843,2018.227,1827.0316,True,False,2152.7842911204984,1883.6697088795017
70,2023-11-27,2062.34,2071.24,1985.78,2027.5,326073.2298,-0.016888664762671368,0.033937937025742784,2025.3385000000003,1834.9247999999998,True,False,2144.4570723775496,1906.2199276224508
71,2023-11-28,2027.5,2075.0,1995.15,2048.14,283775.9279,0.010180024660912501,0.02765406301530383,2033.3395,1844.285,True,False,2133.664796694525,1933.014203305475
72,2023-11-29,2048.14,2075.7,2019.31,2028.81,254843.7319,-0.009437831398244279,0.010178051297043949,2028.714,1853.5086,True,False,2120.09127171056,1937.33672828944
73,2023-11-30,2028.8,2054.75,2020.85,2051.96,243680.0921,0.01141062987662722,0.011455184142710967,2027.426,1863.2104000000002,True,False,2116.594305768847,1938.2576942311532
74,2023-12-01,2051.95,2110.87,2045.04,2087.24,372645.586,0.017193317608530156,0.012925499849708859,2029.1295000000002,1874.1630000000002,True,False,2121.6089257574267,1936.6500742425735
75,2023-12-02,2087.24,2186.6,2086.25,2164.74,320979.9768,0.03713037312431733,0.018962505606484485,2035.1325000000002,1886.4145999999998,True,False,2145.6830641633933,1924.5819358366073
76,2023-12-03,2164.75,2217.27,2149.0,2192.95,257879.1136,0.013031588089100765,0.017757916276097935,2042.0974999999999,1899.1747999999998,True,False,2173.2021350900973,1910.9928649099024
77,2023-12-04,2192.96,2274.28,2191.0,2243.37,565307.7134,0.02299186027953226,0.014111100786372526,2055.2965,1912.8868000000002,True,False,2210.7172444360467,1899.875755563953
78,2023-12-05,2243.36,2309.72,2188.33,2293.33,529829.7214,0.022270066908267383,0.014213346279798122,2067.0389999999998,1926.765,True,False,2255.4569136527775,1878.621086347222
79,2023-12-06,2293.33,2312.23,2220.0,2232.7,408338.9056,-0.02643753842665475,0.01973690363250203,2080.5855,1940.1188,True,False,2275.965332334764,1885.2056676652364
80,2023-12-07,2232.7,2382.8,2222.0,2355.73,485190.0609,0.05510368611994454,0.02500822802856768,2100.331,1955.9646,True,False,2322.7038969570153,1877.958103042985
81,2023-12-08,2355.74,2392.0,2336.34,2358.72,378569.8126,0.0012692456266210073,0.026028978320811663,2120.1369999999997,1971.8076,True,False,2360.6783169105365,1879.5956830894627
82,2023-12-09,2358.71,2403.0,2328.01,2340.49,287771.0664,-0.007728768145434772,0.026029966962856973,2136.588,1986.5396000000003,True,False,2390.4714436757044,1882.7045563242962
83,2023-12-10,2340.48,2377.47,2320.0,2352.39,200037.2102,0.005084405402287606,0.026125169731584623,2153.1375,2001.0086000000001,True,False,2418.306491985355,1887.9685080146448
84,2023-12-11,2352.39,2355.0,2156.62,2225.12,640414.9166,-0.05410242349270311,0.03474343476397574,2167.7429999999995,2012.237,True,False,2413.31570310333,1922.1702968966686
85,2023-12-12,2225.11,2244.12,2166.0,2203.46,361588.9087,-0.009734306464370346,0.033300616425282654,2174.7554999999998,2020.9969999999998,True,False,2415.726486371045,1933.7845136289543
86,2023-12-13,2203.47,2284.02,2144.32,2260.16,418916.6154,0.025732257449647244,0.03359741326508219,2184.6535,2030.5006,True,False,2422.3990992198887,1946.9079007801108
87,2023-12-14,2260.16,2332.11,2228.2,2315.32,409508.0931,0.024405351833498568,0.026877293499271652,2196.3774999999996,2041.0639999999999,True,False,2435.688596879097,1957.0664031209021
88,2023-12-15,2315.32,2317.81,2200.0,2220.5,333552.6328,-0.04095330235129491,0.03047777447592302,2203.248,2049.4064000000003,True,False,2436.682456988416,1969.8135430115838
89,2023-12-16,2220.51,2263.4,2210.0,2228.96,199285.923,0.0038099527133528266,0.030816729102319397,2211.5795,2058.3976,True,False,2435.5392066650084,1987.619793334991
90,2023-12-17,2228.96,2248.68,2191.5,2196.52,225925.7675,-0.014553872658100708,0.030474439068847742,2220.0305,2066.804,True,False,2426.842594574056,2013.2184054259437
91,2023-12-18,2196.53,2224.0,2116.6,2219.43,364103.1181,0.010430134940724312,0.02368090666266425,2228.595,2075.2898,True,False,2418.9688179145737,2038.2211820854257
92,2023-12-19,2219.44,2255.0,2135.55,2177.91,383551.4049,-0.01870750598126547,0.02451601156469936,2236.05,2082.6672,True,False,2403.8178769829656,2068.282123017035
93,2023-12-20,2177.9,2266.0,2156.0,2202.17,416841.6272,0.011139119614676618,0.022348385663351174,2243.5605,2090.4172,True,False,2388.5282726037317,2098.5927273962684
94,2023-12-21,2202.17,2279.31,2182.98,2239.61,453069.7252,0.017001412243378144,0.020938871052571875,2251.1789999999996,2098.2696,True,False,2376.1994518679485,2126.158548132051
95,2023-12-22,2239.6,2343.15,2230.59,2324.54,591357.488,0.0379217810243746,0.019236061575507193,2259.169,2108.7444,True,False,2381.321943114695,2137.016056885305
96,2023-12-23,2324.54,2330.65,2265.0,2308.2,255626.9352,-0.007029347741918879,0.01993301864883754,2264.9314999999997,2118.2542,True,False,2384.7834499479195,2145.07955005208
97,2023-12-24,2308.2,2326.19,2245.0,2264.05,307951.076,-0.01912745862576881,0.020745737768682975,2265.9655,2126.4244,True,False,2385.3902816079567,2146.540718392043
98,2023-12-25,2264.04,2304.8,2253.1,2271.35,286277.1616,0.003224310417172749,0.020581629357678863,2264.8664999999996,2134.0172,True,False,2383.633714734506,2146.099285265493
99,2023-12-26,2271.36,2274.99,2178.45,2230.88,410413.1591,-0.017817597464063084,0.020423818044693915,2264.7755,2140.6158,True,False,2383.6492291104914,2145.901770889509
100,2023-12-27,2230.88,2392.44,2211.88,2378.35,541537.3574,0.0661039589758301,0.031409520301337805,2265.9065,2150.4773999999998,True,False,2388.7867919875694,2143.0262080124307
101,2023-12-28,2378.35,2445.8,2335.0,2344.15,580459.982,-0.0143797170307145,0.03270107268737958,2265.1780000000003,2159.598,True,False,2385.8951766612176,2144.460823338783
102,2023-12-29,2344.15,2385.41,2255.34,2299.2,450201.2069,-0.019175394066079487,0.03076180293629016,2263.1135,2163.1556,True,False,2379.7509323367426,2146.4760676632573
103,2023-12-30,2299.2,2322.84,2268.0,2291.68,210539.1327,-0.0032707028531663296,0.03067519625256192,2260.078,2167.4348,True,False,2369.8930087719427,2150.262991228057
104,2023-12-31,2291.68,2321.34,2258.88,2281.87,222175.8779,-0.004280702366822542,0.02968059545554034,2262.9155,2172.0088,True,False,2371.8564768684655,2153.9745231315346
105,2024-01-01,2281.87,2352.37,2265.24,2352.04,216702.6914,0.030751094497057263,0.03170380444002395,2270.3445,2178.156,True,False,2382.432874245751,2158.2561257542493
106,2024-01-02,2352.05,2431.3,2341.0,2355.34,458041.6642,0.0014030373633102666,0.030150210031577966,2275.1035,2184.1898,True,False,2393.287670865479,2156.9193291345214
107,2024-01-03,2355.35,2385.45,2100.0,2209.72,798729.4869,-0.061825468934421535,0.02786227240247182,2269.8235,2188.7964,True,False,2389.863566868055,2149.783433131945
108,2024-01-04,2209.72,2294.69,2201.91,2267.11,448844.055,0.025971616313379187,0.03084632915446013,2272.154,2192.969,True,False,2389.9509838591744,2154.3570161408256
109,2024-01-05,2267.11,2277.21,2206.17,2268.78,405568.0006,0.0007366206315528867,0.03016146206463071,2274.145,2199.1092000000003,True,False,2390.2012434430308,2158.088756556969
110,2024-01-06,2268.78,2270.0,2216.4,2240.78,194067.8656,-0.012341434603619583,0.03044364318264038,2276.3579999999997,2204.7084,True,False,2387.777199441628,2164.9388005583714
111,2024-01-07,2240.77,2258.01,2203.46,2221.42,207138.6927,-0.008639848624139912,0.03052350899135696,2276.4574999999995,2209.8848000000003,True,False,2387.6659994622005,2165.2490005377986
112,2024-01-08,2221.42,2358.2,2166.38,2330.44,539407.5547,0.049076716694726796,0.034473169838799694,2284.084,2216.2642,True,False,2387.483124174253,2180.6848758257465
113,2024-01-09,2330.43,2371.72,2226.78,2344.29,551454.9931,0.005943083709514019,0.03456417268031107,2291.19,2222.7219999999998,True,False,2390.332644709543,2192.0473552904573
114,2024-01-10,2344.3,2643.1,2339.59,2584.38,1038388.666,0.10241480362924382,0.04088920536364035,2308.4285,2235.7494,True,False,2470.0294158748225,2146.8275841251775
115,2024-01-11,2584.37,2689.39,2566.01,2618.01,838712.2577,0.01301279223643581,0.04104162431834916,2323.102,2246.8453999999997,True,False,2536.011893824649,2110.1921061753505
116,2024-01-12,2618.01,2717.32,2458.0,2522.54,887457.7627,-0.036466629233654624,0.04625043419280236,2333.8190000000004,2256.0522,True,False,2564.4140303842155,2103.2239696157853
117,2024-01-13,2522.55,2590.0,2497.5,2578.19,422061.232,0.022061097148112552,0.04451444602112584,2349.5260000000003,2265.9992,True,False,2601.880011357901,2097.1719886420997
118,2024-01-14,2578.18,2578.69,2470.0,2472.87,306207.7463,-0.04085036401506492,0.04948340685407661,2359.602,2273.7948,True,False,2614.8887689151948,2104.315231084805
119,2024-01-15,2472.87,2553.82,2470.92,2511.78,315247.8819,0.01573475354547571,0.04738008942314278,2373.647,2282.7838,True,False,2630.021474556678,2117.2725254433217
120,2024-01-16,2511.79,2614.43,2500.05,2587.4,381077.6247,0.03010613986893751,0.04776997298359878,2384.0995,2293.9818,True,False,2657.745648729959,2110.4533512700405
121,2024-01-17,2587.41,2592.97,2506.75,2530.19,366281.3477,-0.02211099945891626,0.02957613839775141,2393.4015,2303.6228,True,False,2673.892215656465,2112.910784343535
122,2024-01-18,2530.2,2550.0,2428.56,2470.81,452090.1074,-0.023468593267699345,0.02957148022757744,2401.982,2312.4628,True,False,2680.8338192120987,2123.1301807879013
123,2024-01-19,2470.81,2504.2,2415.2,2492.0,424209.0029,0.008576134951695957,0.027106208426454715,2411.998,2321.2635999999998,True,False,2688.5490917372317,2135.4469082627684
124,2024-01-20,2491.99,2492.0,2454.2,2472.01,136620.9577,-0.008021669341893967,0.02507095198906642,2421.505,2328.959,True,False,2692.232241994405,2150.7777580055954
125,2024-01-21,2472.02,2482.18,2452.13,2457.05,122572.1687,-0.0060517554540636675,0.019850431548708927,2426.7555,2334.8052000000002,True,False,2695.878674184536,2157.6323258154644
126,2024-01-22,2457.06,2466.1,2303.59,2314.2,526337.6492,-0.05813882501373613,0.027708748826520902,2424.6985,2337.2302,True,False,2696.7331478145406,2152.6638521854593
127,2024-01-23,2314.19,2352.23,2168.07,2242.6,700105.3314,-0.030939417509290412,0.02139062983802319,2426.3424999999997,2337.2147999999997,True,False,2693.256083166817,2159.4289168331825
128,2024-01-24,2242.6,2264.6,2196.12,2235.02,359851.1496,-0.0033800053509319694,0.02224046952791604,2424.7380000000003,2336.0486,True,False,2696.031746691085,2153.4442533089154
129,2024-01-25,2235.02,2242.89,2171.3,2218.64,330426.6061,-0.007328793478358131,0.022336389250712133,2422.231,2335.7673999999997,True,False,2700.431683937262,2144.0303160627386
130,2024-01-26,2218.64,2282.36,2195.84,2267.68,363566.4255,0.022103631053257855,0.02513061899923149,2423.576,2334.0064,True,False,2698.3216482218495,2148.8303517781505
131,2024-01-27,2267.67,2282.94,2251.4,2267.94,145109.3836,0.00011465462499127277,0.02558906255649129,2425.902,2332.1908,True,False,2694.152422639589,2157.651577360411
132,2024-01-28,2267.94,2308.24,2239.89,2256.9,209326.9087,-0.0048678536469218825,0.02563837630258962,2422.225,2330.519,True,False,2697.8983955817666,2146.551604418233
133,2024-01-29,2256.9,2322.34,2233.8,2317.6,305528.0776,0.026895298861269845,0.019395257531952172,2420.8905,2329.8232,True,False,2698.4046754539704,2143.3763245460295
134,2024-01-30,2317.61,2391.98,2297.0,2343.01,372879.5791,0.010963928201588091,0.01377241402293328,2408.822,2332.181,True,False,2677.244542123426,2140.399457876574
135,2024-01-31,2343.0,2351.6,2263.57,2283.14,397116.1859,-0.025552601141267117,0.01821752582977517,2392.0785,2333.7746,True,False,2646.9964807228043,2137.160519277196
136,2024-02-01,2283.15,2311.72,2240.0,2304.28,310997.4538,0.009259178149390923,0.017692554604509723,2381.1655,2334.657,True,False,2631.2082721284632,2131.122727871537
137,2024-02-02,2304.28,2324.74,2281.94,2309.06,238230.511,0.00207440068047271,0.01612082015834628,2367.709,2334.5317999999997,True,False,2601.5490686839357,2133.868931316064
138,2024-02-03,2309.07,2329.98,2292.75,2296.49,133232.845,-0.0054437736568128114,0.016403697375401365,2358.8900000000003,2336.0516000000002,True,False,2589.3099411143935,2128.470058885607
139,2024-02-04,2296.5,2311.0,2266.0,2289.79,171232.0444,-0.0029174958305935306,0.016285641990686543,2347.7905,2337.2682,True,False,2568.377701468221,2127.203298531779
140,2024-02-05,2289.79,2338.41,2269.11,2301.83,236610.412,0.005258124107450968,0.012404284689353423,2333.5119999999997,2339.3744,False,True,2523.6648652205413,2143.359134779458
141,2024-02-06,2301.84,2392.4,2299.0,2372.64,368942.7498,0.030762480287423566,0.016976893409370475,2325.6345,2342.4386,False,True,2493.1919982506083,2158.077001749392
142,2024-02-07,2372.63,2444.44,2354.0,2425.1,342791.7013,0.022110391799851747,0.013276897471161368,2323.349,2347.3824000000004,False,True,2483.659020030277,2163.038979969723
143,2024-02-08,2425.09,2463.15,2411.01,2419.55,338040.0539,-0.002288565419982569,0.013902713471605292,2319.7264999999998,2351.73,False,True,2466.7107164494737,2172.742283550526
144,2024-02-09,2419.56,2525.0,2419.16,2486.56,492384.385,0.027695232584571405,0.01563064105650222,2320.454,2356.6690000000003,False,True,2470.7192228421204,2170.18877715788
145,2024-02-10,2486.56,2516.45,2471.57,2500.24,185099.59,0.0055015764751302765,0.01422629656245115,2322.6135,2360.183,False,True,2482.1025172460404,2163.1244827539595
146,2024-02-11,2500.24,2539.63,2493.45,2507.21,219975.1471,0.0027877323776919205,0.013345103647219273,2332.264,2364.1632,False,True,2511.717547298172,2152.810452701828
147,2024-02-12,2507.22,2665.58,2472.0,2659.99,449501.776,0.060936259826659844,0.021796324747235262,2353.1335,2372.082,False,True,2579.603417535251,2126.6635824647487
148,2024-02-13,2659.99,2686.12,2590.0,2639.99,502447.745,-0.0075188252587415905,0.023680756745506654,2373.382,2379.4548,False,True,2626.2629911567565,2120.5010088432437
149,2024-02-14,2639.99,2786.0,2618.4,2774.81,461670.6944,0.05106837525899732,0.027265050816182912,2401.1904999999997,2390.3334,True,False,2700.4843632303887,2101.8966367696107
150,2024-02-15,2774.8,2867.65,2759.25,2822.59,481689.1874,0.017219196990064356,0.025583263053701913,2428.9359999999997,2399.2182,True,False,2775.299395501257,2082.5726044987423
151,2024-02-16,2822.58,2857.4,2740.0,2801.8,378070.8037,-0.007365575588378026,0.02774368522809648,2455.629,2408.3712,True,False,2830.8352264605146,2080.422773539485
152,2024-02-17,2801.81,2804.21,2719.01,2785.93,243302.8759,-0.005664215861232225,0.02884871792922314,2482.0805,2418.1058000000003,True,False,2872.5769537597616,2091.5840462402384
153,2024-02-18,2785.92,2895.0,2764.25,2881.2,367987.8833,0.034196839116560795,0.028907722375136356,2510.2605,2429.8962,True,False,2930.9556200835436,2089.565379916456
154,2024-02-19,2881.2,2984.52,2856.93,2944.8,446451.0401,0.022074135776759762,0.02294413797243522,2540.35,2443.1548000000003,True,False,2995.361882181463,2085.338117818537
155,2024-02-20,2944.8,3033.09,2874.56,3014.81,634681.7471,0.023774110296115092,0.02080644063534496,2576.9335,2456.4102000000003,True,False,3061.562141214348,2092.3048587856524
156,2024-02-21,3014.81,3017.15,2868.0,2967.9,595955.0033,-0.01555985285971584,0.01903111797911672,2610.1145,2468.6614,True,False,3106.86259189261,2113.3664081073903
157,2024-02-22,2967.91,3036.02,2906.51,2971.4,563525.9936,0.001179285016341458,0.018955917695215783,2643.2315,2483.895,True,False,3143.770652273774,2142.6923477262258
158,2024-02-23,2971.4,2993.8,2906.05,2922.24,428826.5787,-0.016544389849902474,0.020418234319517007,2674.519,2496.9975999999997,True,False,3161.8533769787473,2187.1846230212523
159,2024-02-24,2922.25,3007.48,2906.4,2992.62,243854.0783,0.024084264126149835,0.02063012860217764,2709.6605,2511.4744,True,False,3181.2922962797948,2238.028703720205
160,2024-02-25,2992.62,3122.0,2983.61,3112.59,412306.2237,0.04008861800028085,0.02184451867354576,2750.1985,2528.9106,True,False,3213.5350253883485,2286.8619746116515
161,2024-02-26,3112.6,3196.0,3036.59,3175.94,546722.7747,0.020352825139192676,0.021712302432337505,2790.3635000000004,2548.001,True,False,3255.1609894068897,2325.566010593111
162,2024-02-27,3175.95,3288.14,3160.02,3242.36,625939.1221,0.020913493327959554,0.021458414352873628,2831.2264999999998,2566.2394,True,False,3304.4377181023333,2358.0152818976662
163,2024-02-28,3242.35,3488.0,3176.16,3383.1,947538.766,0.04340665441221825,0.021026588081604437,2879.404,2587.0156,True,False,3371.9435970574073,2386.8644029425927
164,2024-02-29,3383.11,3522.81,3300.0,3340.09,759698.1123,-0.012713192042800858,0.023505991353061462,2922.0805,2602.1297999999997,True,False,3419.189398139505,2424.971601860495
165,2024-03-01,3340.1,3450.0,3338.54,3433.43,412788.5773,0.02794535476588944,0.01834631773442268,2968.74,2618.4382,True,False,3474.2452071781345,2463.234792821865
166,2024-03-02,3433.42,3460.04,3390.01,3421.4,283984.9448,-0.0035037848448926656,0.02096160160856051,3014.4494999999997,2636.4154,True,False,3509.45564790334,2519.4433520966595
167,2024-03-03,3421.39,3491.8,3360.0,3487.81,341631.531,0.01941018296603736,0.018935437147842304,3055.8405000000002,2654.6077999999998,True,False,3564.3081647370564,2547.372835262944
168,2024-03-04,3487.8,3640.94,3423.78,3627.76,715360.6361,0.040125465550015615,0.020964303157003088,3105.2290000000003,2677.7056,True,False,3635.0626951356057,2575.395304864395
169,2024-03-05,3627.75,3822.04,3200.0,3553.65,1392904.864,-0.020428584029814623,0.02573687814295969,3144.171,2698.5429999999997,True,False,3686.0998896408505,2602.242110359149
170,2024-03-06,3553.66,3900.0,3499.4,3818.59,969494.71,0.07455433146201784,0.033344772534883556,3193.9710000000005,2723.1668,True,False,3791.6575442829035,2596.2844557170974
171,2024-03-07,3818.58,3933.81,3735.0,3868.76,540780.675,0.013138357351797358,0.030715397771674008,3247.319,2749.9382,True,False,3886.6378223628053,2608.0001776371946
172,2024-03-08,3868.76,3993.75,3820.0,3883.36,646399.2589,0.0037738190014371398,0.031238177456923075,3302.1904999999997,2778.1892,True,False,3962.7980924313088,2641.5829075686906
173,2024-03-09,3883.37,3942.0,3870.01,3905.21,254839.1386,0.0056265708046638885,0.030361520576632342,3353.3910000000005,2806.4534000000003,True,False,4035.0115226679295,2671.7704773320716
174,2024-03-10,3905.2,3964.67,3791.26,3878.47,356664.68,-0.006847263015305249,0.03194881029147221,3400.0745,2834.5826,True,False,4091.6867153338117,2708.4622846661887
175,2024-03-11,3878.47,4086.23,3722.95,4064.8,721554.5139,0.0480421403285316,0.03307748373049083,3452.5739999999996,2866.7376,True,False,4179.552277135819,2725.5957228641805
176,2024-03-12,4064.8,4093.92,3828.98,3979.96,632787.3941,-0.02087187561503645,0.03316103914064871,3503.1769999999997,2900.0527999999995,True,False,4228.997995449831,2777.3560045501677
177,2024-03-13,3979.97,4083.0,3932.23,4004.79,482305.7766,0.006238756168403636,0.021227330880119476,3554.8464999999997,2935.2965999999997,True,False,4268.297805793107,2841.3951942068925
178,2024-03-14,4004.79,4010.98,3723.0,3881.7,648237.5245,-0.030735694006427394,0.025219602705019013,3602.8195,2968.2302,True,False,4264.305019481079,2941.3339805189207
179,2024-03-15,3881.69,3934.02,3570.0,3742.19,947537.4071,-0.03594043846768158,0.028657838703147063,3640.298,2998.7012,True,False,4238.085611732668,3042.510388267331
180,2024-03-16,3742.19,3781.12,3468.8,3523.09,548288.1569,-0.05854860389237315,0.03440736442469294,3660.8230000000003,3023.8094,True,False,4208.401229166242,3113.2447708337586
181,2024-03-17,3523.09,3678.68,3412.0,3644.71,517790.9936,0.03452083256459515,0.03909320435652739,3684.2614999999996,3051.3448,True,False,4182.344127990889,3186.17887200911
182,2024-03-18,3644.7,3645.02,3454.09,3520.46,570901.2851,-0.03409050377121914,0.030864209911879027,3698.1665000000003,3076.616,True,False,4158.394580905197,3237.9384190948044
183,2024-03-19,3520.47,3548.09,3150.88,3158.64,1049629.6936,-0.10277634172806971,0.04401102398270794,3686.9435000000003,3093.4368,True,False,4188.603857078578,3185.283142921423
184,2024-03-20,3158.65,3535.24,3056.56,3516.53,1207322.8201,0.11330509333130734,0.07018306257960001,3695.7655,3116.9072,True,False,4177.5552876820675,3213.975712317932
185,2024-03-21,3516.53,3587.32,3412.0,3492.85,602755.2072,-0.0067339109861142,0.06994751902410261,3698.7365000000004,3141.1014,True,False,4174.408854386256,3223.0641456137446
186,2024-03-22,3492.84,3542.52,3250.0,3336.35,558848.888,-0.04480581759880897,0.07051231045783017,3694.4839999999995,3161.7427999999995,True,False,4181.969851342315,3206.9981486576835
187,2024-03-23,3336.35,3435.48,3270.08,3329.53,323675.9448,-0.0020441500442098803,0.0677647929398468,3686.5699999999997,3182.1521999999995,True,False,4192.9558138862685,3180.1841861137314
188,2024-03-24,3329.53,3471.22,3298.76,3454.98,260824.1408,0.03767799058725996,0.0680898568189732,3677.9310000000005,3205.322,True,False,4194.33740462007,3161.5245953799313
189,2024-03-25,3454.99,3666.0,3420.12,3590.42,548577.6942,0.03920138466792866,0.06861856595068493,3679.7695,3231.3346,True,False,4194.572229002495,3164.9667709975047
190,2024-03-26,3590.43,3678.86,3542.62,3587.33,499013.8384,-0.0008606235482200297,0.05036542889724061,3668.2065000000002,3257.0446,True,False,4180.26193636047,3156.1510636395305
191,2024-03-27,3587.32,3665.84,3460.02,3501.19,443195.3297,-0.024012287690287737,0.03052441673603508,3649.828,3279.6156,True,False,4157.945490913889,3141.71050908611
192,2024-03-28,3501.2,3611.78,3465.0,3560.49,404654.0311,0.016937098529357097,0.030990812872237736,3633.6845000000003,3302.3233999999998,True,False,4130.961910261956,3136.4070897380443
193,2024-03-29,3560.49,3584.37,3445.91,3509.74,323086.179,-0.014253656097896639,0.024603459630351706,3613.911,3324.1272000000004,True,False,4096.975608075082,3130.8463919249184
194,2024-03-30,3509.74,3565.81,3485.0,3505.64,216025.2634,-0.0011681776997726212,0.02454886881795637,3595.2695,3344.5088,True,False,4063.9070006885113,3126.6319993114885
195,2024-03-31,3505.65,3655.32,3505.09,3645.29,243464.9877,0.03983580744172244,0.02499826662499882,3574.2940000000003,3367.4098,True,False,3988.8816801378707,3159.70631986213
196,2024-04-01,3645.29,3645.95,3413.71,3503.8,408854.1225,-0.038814470179327265,0.026111648046006793,3550.486,3387.3415999999997,True,False,3919.128479683723,3181.8435203162767
197,2024-04-02,3503.8,3505.6,3212.0,3278.96,623264.6476,-0.06417032935669853,0.03471642508501547,3514.1945,3399.7210000000005,True,False,3834.2289897515307,3194.1600102484695
198,2024-04-03,3278.96,3367.4,3202.79,3310.83,410484.1933,0.009719545221655634,0.03514764164348342,3485.6509999999994,3413.1377999999995,True,False,3767.1907715122215,3204.111228487777
199,2024-04-04,3310.83,3443.93,3250.92,3327.4,356338.5716,0.00500478731919185,0.03404162986099188,3464.9115000000006,3424.1895999999997,True,False,3727.3437016726107,3202.4792983273906
200,2024-04-05,3327.39,3350.0,3210.0,3317.85,344556.7983,-0.0028701087936527925,0.034027466973484355,3454.6494999999995,3434.0948,True,False,3723.4761165139016,3185.8228834860975
201,2024-04-06,3317.85,3398.42,3306.68,3351.59,183312.2125,0.010169236101692514,0.034643033290654664,3439.9934999999996,3445.0906,False,True,3696.8875438780096,3183.0994561219895
202,2024-04-07,3351.59,3459.94,3344.08,3454.2,210459.0752,0.03061531989294619,0.032738248066289714,3436.6805,3458.456,False,True,3690.9002802130585,3182.4607197869414
203,2024-04-08,3454.2,3730.71,3406.36,3694.61,496841.3532,0.06959932835388805,0.040101264644707035,3463.4790000000003,3474.7241999999997,False,True,3707.065999212314,3219.8920007876864
204,2024-04-09,3694.61,3727.34,3450.46,3506.39,457592.252,-0.0509444839915445,0.036243991601269746,3462.972,3485.956,False,True,3706.135916436709,3219.8080835632913
205,2024-04-10,3506.4,3562.95,3411.82,3545.64,389404.9055,0.011193848944355933,0.036245120960293566,3465.6115,3496.5726,False,True,3711.2741882343407,3219.9488117656592
206,2024-04-11,3545.64,3618.3,3474.52,3502.52,338139.5534,-0.012161415146489718,0.03723776681093862,3473.9200000000005,3507.265,False,True,3712.307707825093,3235.532292174908
207,2024-04-12,3502.52,3552.4,3100.0,3237.43,697327.1174,-0.07568550643536653,0.049056576547065404,3469.315,3512.5856,False,True,3722.543105574062,3216.086894425938
208,2024-04-13,3237.42,3301.9,2852.0,3007.01,994971.2354,-0.07117373966386908,0.05485780669560507,3446.9164999999994,3514.2810000000004,False,True,3773.9696306120677,3119.863369387931
209,2024-04-14,3007.01,3174.23,2906.73,3155.11,737580.4666,0.0492515821364079,0.05776368208398407,3425.1510000000003,3517.5308,False,True,3769.476688168381,3080.8253118316197
210,2024-04-15,3155.11,3277.85,3023.19,3101.99,605430.8863,-0.01683618003809706,0.04549403999219387,3400.8839999999996,3517.3188,False,True,3764.929720344368,3036.838279655631
211,2024-04-16,3102.0,3128.01,2986.0,3084.22,526113.855,-0.0057285806853020205,0.04418291034504635,3380.0354999999995,3515.4844,False,True,3766.9356522479297,2993.1353477520693
212,2024-04-17,3084.21,3123.75,2914.47,2985.41,491897.5661,-0.032037273605644234,0.04252564178183041,3351.2815,3510.3453999999997,False,True,3766.1791577561958,2936.3838422438043
213,2024-04-18,2985.41,3094.4,2950.98,3064.4,389060.7133,0.026458677367597883,0.04655353896152834,3329.0145,3503.9713999999994,False,True,3755.737836599894,2902.2911634001066
214,2024-04-19,3064.4,3128.89,2865.18,3056.46,607850.4019,-0.002591045555410565,0.0390400505433748,3306.5555,3498.2988,False,True,3741.3433086449927,2871.767691355007
215,2024-04-20,3056.45,3171.88,3018.75,3155.79,242577.6371,0.03249838047937814,0.02932433716452112,3282.0805,3492.7459999999996,False,True,3690.9172954124942,2873.243704587506
216,2024-04-21,3155.79,3197.18,3116.49,3147.67,219970.5072,-0.0025730482700052626,0.02277464751934955,3264.274,3487.2714,False,True,3663.3560947281794,2865.1919052718204
217,2024-04-22,3147.66,3235.0,3129.15,3200.2,290879.9569,0.01668853469391629,0.022189897289843503,3260.3360000000002,3481.5192000000006,False,True,3660.361158177254,2860.3108418227466
218,2024-04-23,3200.19,3263.61,3152.0,3219.46,253914.2263,0.006018373851634395,0.021711125492625293,3255.7675,3473.3532,False,True,3655.4514234287117,2856.083576571288
219,2024-04-24,3219.46,3293.56,3104.9,3140.8,393314.3414,-0.024432668832661375,0.019553085611862548,3246.4374999999995,3465.0962,False,True,3647.7890892908804,2845.0859107091187
220,2024-04-25,3140.79,3191.64,3072.2,3155.8,352288.5502,0.004775853285787113,0.017663916633772807,3238.335,3451.8404000000005,False,True,3640.1590300115677,2836.5109699884324
221,2024-04-26,3155.81,3167.7,3102.0,3131.3,252522.655,-0.007763483110463265,0.018104893779742646,3227.3205000000003,3437.0912,False,True,3628.148729307112,2826.4922706928887
222,2024-04-27,3131.3,3285.0,3066.74,3255.56,323811.1919,0.03968319867147829,0.020108890545495316,3217.3885,3424.5352000000003,False,True,3604.1430934963505,2830.6339065036495
223,2024-04-28,3255.55,3357.4,3250.45,3263.45,304766.009,0.0024235461794590574,0.019898248431037872,3195.8305,3411.7,False,True,3512.2536522219993,2879.4073477780007
224,2024-04-29,3263.44,3286.95,3115.13,3216.73,421831.2912,-0.014316137829597397,0.020396108527793378,3181.3475,3398.4651999999996,False,True,3462.4661652512304,2900.2288347487693
225,2024-04-30,3216.74,3250.95,2921.0,3014.05,561717.4866,-0.06300808585115936,0.03129200518344868,3154.768,3377.4502,False,True,3387.1613259844344,2922.3746740155657
226,2024-05-01,3014.04,3023.24,2817.0,2972.46,624963.7773,-0.013798709377747631,0.030666873825986235,3128.2650000000003,3357.3002,False,True,3308.783667062157,2947.746332937844
227,2024-05-02,2972.46,3016.72,2893.26,2986.19,365939.7191,0.004619069726758296,0.03065652973875635,3115.703,3336.9282000000003,False,True,3299.1784709089648,2932.227529091035
228,2024-05-03,2986.19,3126.99,2958.32,3102.61,355825.8391,0.03898613283146757,0.03531542763872986,3120.4829999999997,3321.3463999999994,False,True,3296.880112054182,2944.0858879458174
229,2024-05-04,3102.61,3168.0,3092.85,3117.23,196263.9488,0.0047121616961203205,0.030826798994603766,3118.589,3308.8471999999997,False,True,3294.232495740072,2942.945504259928
230,2024-05-05,3117.24,3171.93,3072.99,3136.41,218760.2662,0.006152898566996967,0.031023580175963256,3120.31,3301.1135999999997,False,True,3295.943202112282,2944.676797887718
231,2024-05-06,3136.4,3221.4,3046.35,3062.6,355135.3027,-0.02353327530520566,0.03166222317826663,3119.2290000000003,3289.4714000000004,False,True,3296.059539027157,2942.3984609728436
232,2024-05-07,3062.59,3129.85,2998.0,3005.69,298796.6829,-0.018582250375497877,0.02117600284088132,3120.243,3279.1760000000004,False,True,3294.049276683956,2946.4367233160438
233,2024-05-08,3005.69,3038.15,2936.48,2974.21,266934.8125,-0.01047346865445209,0.02085513530807948,3115.7335,3275.4874,False,True,3300.0052891165487,2931.461710883451
234,2024-05-09,2974.2,3059.0,2950.77,3036.23,238561.7462,0.02085259615158308,0.02227383591659803,3114.722,3265.8814,False,True,3300.5790103006557,2928.8649896993447
235,2024-05-10,3036.24,3053.89,2878.03,2909.99,327855.8758,-0.04157787782875477,0.021115921006811086,3102.432,3254.2241999999997,False,True,3308.286401034485,2896.5775989655144
236,2024-05-11,2909.98,2945.67,2886.46,2912.45,138163.1087,0.000845363729772286,0.02074718059734584,3090.6710000000003,3245.7462000000005,False,True,3311.9431233803916,2869.398876619609
237,2024-05-12,2912.45,2955.2,2901.17,2929.29,107670.6323,0.005782073511991781,0.02070105231866266,3077.1254999999996,3237.7414000000003,False,True,3303.2805649653415,2850.970435034658
238,2024-05-13,2929.3,2996.4,2864.76,2950.99,368664.7648,0.007407938442421047,0.020514357407135822,3063.702,3227.6616000000004,False,True,3286.1246825426724,2841.279317457328
239,2024-05-14,2950.99,2960.6,2862.0,2881.93,269675.3037,-0.02340231583299157,0.02111419353251439,3050.7585000000004,3213.4918,False,True,3284.148871268949,2817.368128731052
240,2024-05-15,2881.93,3041.36,2863.75,3032.55,350254.3188,0.05226358724882285,0.030170355176837194,3044.596,3202.3962,False,True,3272.758391513277,2816.433608486723
241,2024-05-16,3032.55,3041.24,2922.8,2944.7,293874.1513,-0.02896901947206154,0.031163226303029718,3035.266,3191.2664,False,True,3263.7606225233994,2806.7713774766007
242,2024-05-17,2944.7,3120.0,2933.06,3092.01,357724.7731,0.05002546948755415,0.03195215608875021,3027.0885,3181.8968,False,True,3232.975295392147,2821.2017046078527
243,2024-05-18,3092.0,3146.98,3083.61,3122.94,199976.5456,0.0100032018007703,0.03174291347164612,3020.063,3174.1607999999997,False,True,3199.936123600193,2840.1898763998074
244,2024-05-19,3122.94,3136.64,3053.38,3071.19,166145.0102,-0.016570923552805983,0.03337261132262279,3012.786,3165.4718,False,True,3169.4351785924537,2856.1368214075464
245,2024-05-20,3071.2,3694.0,3047.67,3661.78,847107.8828,0.19230005307388987,0.07750470965323986,3045.1724999999997,3165.8016,False,True,3375.012649857321,2715.3323501426785
246,2024-05-21,3661.79,3841.54,3624.28,3789.6,952437.2694,0.034906520872362456,0.07337247718329104,3086.0294999999996,3171.5176,False,True,3552.2061769877832,2619.852823012216
247,2024-05-22,3789.59,3813.69,3653.15,3737.73,574938.3099,-0.013687460417986075,0.07602054203176678,3123.6065000000003,3180.6929999999998,False,True,3670.1320413023186,2577.080958697682
248,2024-05-23,3737.72,3949.29,3498.0,3783.61,1127866.076,0.012274829910132734,0.07194484201593458,3157.6565,3190.1486,False,True,3778.480063655994,2536.832936344006
249,2024-05-24,3783.6,3829.61,3626.1,3728.28,479418.4318,-0.014623600212495425,0.07432359866527934,3188.209,3198.1662,False,True,3858.803674564065,2517.6143254359345
250,2024-05-25,3728.28,3779.43,3709.03,3749.26,158711.8992,0.005627259755168534,0.07453037268074982,3218.8515,3206.7944,True,False,3934.007370452839,2503.6956295471614
251,2024-05-26,3749.25,3884.2,3731.17,3826.47,292208.2937,0.020593397097027122,0.07205872186959265,3257.0449999999996,3216.292,True,False,4017.23728272575,2496.8527172742492
252,2024-05-27,3826.47,3977.0,3823.37,3894.22,363717.6473,0.017705613790255814,0.018148607448139654,3301.4715000000006,3225.0924,True,False,4102.5663854313125,2500.3766145686886
253,2024-05-28,3894.21,3931.09,3773.9,3844.69,416249.8344,-0.012718849987930714,0.01554562613397986,3344.9955,3228.094,True,False,4165.57633424839,2524.41466575161
254,2024-05-29,3844.69,3888.55,3742.59,3767.43,334759.6348,-0.020095248251484565,0.01677488730676695,3381.5555,3233.3147999999997,True,False,4209.337368304493,2553.773631695507
255,2024-05-30,3767.44,3825.35,3702.58,3747.91,277034.2894,-0.0051812508792465906,0.01614894909417943,3423.4515,3237.3602,True,False,4235.40748852141,2611.49551147859
256,2024-05-31,3747.9,3849.94,3723.75,3762.29,273406.766,0.0038368050460122483,0.01507076426830538,3465.9435000000003,3242.5556,True,False,4253.89515486949,2677.9918451305102
257,2024-06-01,3762.29,3833.3,3752.67,3815.82,132687.2006,0.014228036647892628,0.015805948760255022,3510.2699999999995,3254.1233999999995,True,False,4270.35890250105,2750.1810974989494
258,2024-06-02,3815.82,3838.59,3752.62,3780.91,210295.4407,-0.009148754396171799,0.014073024391385662,3551.7660000000005,3269.6013999999996,True,False,4272.9135423138105,2830.61845768619
259,2024-06-03,3780.92,3849.99,3758.43,3767.06,248848.702,-0.0036631392971533394,0.011206826681340388,3596.0225,3281.8403999999996,True,False,4249.556041711586,2942.4889582884143
260,2024-06-04,3767.07,3831.65,3730.0,3810.23,232063.7468,0.011459865253008905,0.01201244214152042,3634.9064999999996,3296.0052,True,False,4237.863810849033,3031.949189150966
261,2024-06-05,3810.23,3887.47,3777.33,3865.99,273738.6035,0.014634287169015936,0.009906271131404245,3680.971,3311.6406,True,False,4196.309217398592,3165.6327826014076
262,2024-06-06,3866.0,3878.6,3760.0,3813.46,237504.1905,-0.013587722679054948,0.011542219434181572,3717.0434999999998,3328.2016000000003,True,False,4153.808592217749,3280.2784077822507
263,2024-06-07,3813.47,3841.39,3600.0,3678.32,362223.3594,-0.03543763406460276,0.018345617301820657,3744.8125,3340.48,True,False,4081.74791032601,3407.87708967399
264,2024-06-08,3678.31,3709.5,3660.08,3681.57,140550.8394,0.0008835555362229908,0.016883145994557456,3775.3315000000002,3352.9822,True,False,3897.4618359486244,3653.201164051376
265,2024-06-09,3681.58,3721.52,3666.36,3706.4,103451.102,0.0067444052401557375,0.01729277379584872,3777.5625,3363.9944,True,False,3892.369616389449,3662.755383610551
266,2024-06-10,3706.4,3713.67,3642.74,3667.85,156363.1846,-0.010400928124325581,0.017540446677098216,3771.475,3374.3979999999997,True,False,3896.0872233591185,3646.8627766408813
267,2024-06-11,3667.85,3673.0,3432.0,3497.33,439568.5978,-0.046490450809057116,0.022251212370292546,3759.4549999999995,3380.3406,True,False,3934.104198771583,3584.805801228416
268,2024-06-12,3497.33,3659.01,3462.07,3560.12,387043.774,0.01795369610531461,0.022936999282027633,3748.2805,3387.1538,True,False,3943.7770158902854,3552.7839841097143
269,2024-06-13,3560.13,3561.65,3428.0,3469.4,300230.8299,-0.025482287113917423,0.023551823482144713,3735.3365,3393.7258,True,False,3967.2907092990704,3503.3822907009294
270,2024-06-14,3469.4,3532.61,3362.26,3481.8,322316.4214,0.003574105032570607,0.021968436423163974,3721.9635000000003,3400.2457999999997,True,False,3979.920345699308,3464.0066543006924
271,2024-06-15,3481.8,3594.39,3473.1,3568.74,246649.5894,0.024969843184559526,0.025171882169507453,3709.077,3408.9946,True,False,3970.775031052626,3447.3789689473742
272,2024-06-16,3568.75,3653.79,3541.05,3624.41,149839.982,0.015599343185550119,0.026019529436925343,3695.5865,3416.3716000000004,True,False,3944.6092345592124,3446.5637654407874
273,2024-06-17,3624.41,3638.37,3463.39,3511.46,337805.6402,-0.031163692849318858,0.028116488647045693,3678.925,3421.3318,True,False,3930.5208052114153,3427.329194788585
274,2024-06-18,3511.47,3517.2,3355.0,3483.42,449913.3014,-0.007985282475095778,0.0219290976589607,3664.7245000000003,3426.6656,True,False,3927.1155780314516,3402.333421968549
275,2024-06-19,3483.42,3590.01,3465.65,3560.51,321500.0027,0.022130549861917315,0.022558331968996922,3655.3545,3437.5948,True,False,3918.6206316274584,3392.0883683725415
276,2024-06-20,3560.51,3625.96,3486.0,3513.08,329117.8453,-0.013321125344402995,0.0206338736232132,3642.8939999999993,3448.4072,True,False,3908.430028789399,3377.3579712105998
277,2024-06-21,3513.08,3547.55,3446.82,3518.5,342155.102,0.0015428057431086106,0.020621866658910727,3628.028,3459.0534000000002,True,False,3885.98355468659,3370.0724453134094
278,2024-06-22,3518.5,3521.19,3475.09,3495.75,115774.6157,-0.006465823504334223,0.01795571452031373,3613.7699999999995,3466.9162000000006,True,False,3867.6364489347093,3359.90355106529
279,2024-06-23,3495.76,3521.45,3406.38,3420.91,133411.4304,-0.021408853607952527,0.017058102111509037,3596.4625,3472.9898,True,False,3853.5043726384038,3339.4206273615964
280,2024-06-24,3420.91,3435.76,3240.0,3352.73,543370.4229,-0.01993036940463211,0.01492078127700756,3573.5875,3477.3161999999998,True,False,3831.9542997960007,3315.2207002039995
281,2024-06-25,3352.74,3430.88,3336.76,3394.91,240036.2236,0.01258079236920362,0.01651696993973007,3550.0335,3483.9624,True,False,3780.5520340441853,3319.5149659558147
282,2024-06-26,3394.91,3426.75,3325.01,3371.44,206949.3418,-0.00691329077943148,0.012027702172821302,3527.9325,3491.2774,True,False,3735.7493765625086,3320.115623437491
283,2024-06-27,3371.77,3477.0,3361.74,3450.44,201041.6609,0.02343212395890193,0.016395125202771525,3516.5385,3500.802,True,False,3714.387208842169,3318.689791157831
284,2024-06-28,3450.44,3487.7,3365.22,3380.15,221634.3435,-0.02037131496272937,0.017556331861431847,3501.4674999999997,3507.6803999999997,False,True,3692.1771200896123,3310.757879910387
285,2024-06-29,3380.15,3408.32,3371.86,3378.8,88329.7651,-0.00039939055959048453,0.01765490676189599,3485.0875,3517.0566,False,True,3657.037403460247,3313.1375965397533
286,2024-06-30,3378.8,3460.0,3352.66,3438.16,141221.6185,0.01756836746773982,0.017659110981015184,3473.603,3527.5707999999995,False,True,3623.4129415012912,3323.793058498709
287,2024-07-01,3438.16,3524.94,3423.78,3442.2,224273.2122,0.0011750471182259137,0.015141614852917361,3470.8465000000006,3537.829,False,True,3620.8468861433257,3320.8461138566754
288,2024-07-02,3442.2,3464.12,3402.0,3421.35,137932.7014,-0.006057172738364924,0.014992014352019032,3463.9080000000004,3547.2362,False,True,3609.2879669975187,3318.528033002482
289,2024-07-03,3421.35,3432.1,3251.0,3295.48,310408.451,-0.036789571368027185,0.020811556201519744,3455.2120000000004,3555.5071999999996,False,True,3618.866489137103,3291.5575108628977
290,2024-07-04,3295.49,3313.45,3050.34,3059.7,450402.5692,-0.07154648184786438,0.02971529100645919,3434.107,3556.0502,False,True,3674.2966886431977,3193.917311356802
291,2024-07-05,3059.7,3110.0,2810.0,2981.78,886994.3753,-0.025466549008072548,0.02988409330275905,3404.7590000000005,3556.7918,False,True,3710.2457485040395,3099.2722514959614
292,2024-07-06,2981.79,3081.78,2955.06,3066.83,214487.9713,0.0285232310901542,0.03429388946463009,3376.8799999999997,3556.2882,False,True,3699.267443793615,3054.4925562063845
293,2024-07-07,3066.83,3073.08,2922.24,2931.0,179892.7612,-0.04429003237871021,0.03298047931359615,3347.857,3552.4494,False,True,3719.9168172110913,2975.7971827889087
294,2024-07-08,2930.99,3097.06,2822.8,3019.01,500445.0105,0.030027294438758068,0.03781716782301082,3324.6364999999996,3551.4058,False,True,3718.4076333823955,2930.8653666176037
295,2024-07-09,3019.01,3115.2,3004.0,3066.65,280358.1424,0.01578000735340379,0.039809260863879106,3299.9435,3539.5032,False,True,3693.373876975854,2906.513123024146
296,2024-07-10,3066.65,3151.51,3024.0,3101.05,270827.0844,0.011217452268762251,0.0395285009476961,3279.3419999999996,3525.7322000000004,False,True,3668.912198503556,2889.7718014964435
297,2024-07-11,3101.06,3217.24,3054.76,3099.57,289229.32,-0.0004772577030360825,0.027889453073271942,3258.3954999999996,3512.9689999999996,False,True,3638.7636786167263,2878.027321383273
298,2024-07-12,3099.57,3157.89,3045.58,3133.88,185745.1825,0.011069277351374529,0.025134162296690167,3240.3019999999997,3499.9744,False,True,3607.3239339265074,2873.280066073492
299,2024-07-13,3133.89,3201.8,3113.37,3175.93,119302.4769,0.013417871775562418,0.02362202455378234,3228.053,3488.9274,False,True,3585.9335945004514,2870.1724054995484
300,2024-07-14,3175.93,3268.72,3163.67,3245.08,165430.7716,0.021773149911994416,0.009516861314409375,3222.6704999999997,3478.8438,False,True,3575.8631886931726,2869.477811306827
301,2024-07-15,3245.2,3493.63,3233.22,3483.39,314296.8452,0.07343732666066782,0.024119531060726975,3227.0945,3471.9822,False,True,3591.412430759149,2862.776569240851
302,2024-07-16,3483.2,3498.59,3346.55,3444.13,376128.7869,-0.011270630047166663,0.027061894610806887,3230.7290000000003,3462.9804,False,True,3602.4845727200573,2858.9734272799433
303,2024-07-17,3444.14,3517.0,3376.0,3387.05,297812.5162,-0.01657312586923254,0.029941026450372454,3227.5595,3453.8276,False,True,3592.4453205535656,2862.673679446434
304,2024-07-18,3387.05,3489.98,3367.2,3426.5,241950.3457,0.011647303700860645,0.029373112263009822,3229.877,3447.009,False,True,3599.4027103568483,2860.3512896431516
305,2024-07-19,3426.49,3540.27,3377.0,3503.53,299511.6422,0.022480665402013766,0.029449029587701278,3236.1135,3442.1214,False,True,3620.1472063756614,2852.0797936243384
306,2024-07-20,3503.53,3539.65,3480.0,3517.5,147510.8165,0.003987406986667663,0.029822390684814907,3240.0805,3437.2255999999998,False,True,3634.4033169099343,2845.7576830900657
307,2024-07-21,3517.5,3547.0,3411.4,3535.92,218890.9656,0.005236673773987288,0.029857745103950756,3244.7665,3431.6276000000003,False,True,3651.242845982339,2838.2901540176613
308,2024-07-22,3535.93,3562.82,3422.34,3439.6,207859.5043,-0.02724043530396625,0.017361047297355044,3245.679,3424.8014000000003,False,True,3653.902636175844,2837.4553638241564
309,2024-07-23,3439.61,3541.0,3389.0,3482.51,500568.7811,0.012475287824165626,0.01749326584995891,3255.0305,3419.1104000000005,False,True,3676.4143913052735,2833.646608694726
310,2024-07-24,3482.51,3487.82,3300.0,3335.81,275479.0506,-0.04212478930426622,0.023559683459509,3268.8360000000002,3409.6220000000003,False,True,3681.2717200519037,2856.400279948097
311,2024-07-25,3335.82,3342.5,3087.53,3175.48,494282.6398,-0.04806328897629064,0.028179416594236208,3278.5209999999997,3395.8118000000004,False,True,3671.1983206376362,2885.843679362363
312,2024-07-26,3175.47,3286.36,3171.0,3274.61,260237.4641,0.031217327774068826,0.03001543003171057,3288.91,3385.0348,False,True,3668.79145275515,2909.0285472448495
313,2024-07-27,3274.6,3327.59,3191.01,3249.01,231991.9037,-0.007817724858838138,0.02947675168597659,3304.8105000000005,3376.4486000000006,False,True,3646.2958114187077,2963.3251885812933
314,2024-07-28,3249.0,3284.3,3198.11,3270.16,103529.8329,0.00650967525492363,0.02959660045703203,3317.368,3368.2204,False,True,3632.0183323473693,3002.7176676526306
315,2024-07-29,3270.16,3396.77,3258.0,3317.66,318471.5055,0.014525283166572978,0.029919343618250244,3329.9185000000007,3360.4456,False,True,3621.651333456977,3038.185666543024
316,2024-07-30,3317.66,3366.4,3233.18,3279.21,197277.1641,-0.011589493799846862,0.028977422952578012,3338.8265,3352.6728000000003,False,True,3611.3842607368547,3066.2687392631456
317,2024-07-31,3279.2,3350.0,3213.75,3232.74,233711.3352,-0.014171096087167379,0.025201930788656016,3345.4849999999997,3347.381,False,True,3599.2941664803834,3091.675833519616
318,2024-08-01,3232.74,3242.57,3080.02,3203.4,323285.6105,-0.009075892277139452,0.016799532749121937,3348.9610000000002,3340.2466,True,False,3592.25441669332,3105.6675833066806
319,2024-08-02,3203.4,3218.6,2967.0,2989.61,385704.0395,-0.06673846538053319,0.026047103204427633,3339.6450000000004,3330.6508000000003,True,False,3621.9729796712627,3057.317020328738
320,2024-08-03,2989.61,3018.02,2859.0,2903.64,344595.3157,-0.028756259177618593,0.026599776964388703,3322.5730000000003,3319.0876000000003,True,False,3664.0702992480005,2981.075700752
321,2024-08-04,2903.65,2935.46,2630.0,2688.92,512064.2612,-0.07394856111639181,0.032233531722042706,3282.8495000000003,3301.4912,False,True,3717.661452940573,2848.0375470594277
322,2024-08-05,2688.91,2697.44,2111.0,2419.59,2670604.1003,-0.10016289067729789,0.03642042914381598,3231.6225,3277.3948,False,True,3805.5770677187866,2657.6679322812133
323,2024-08-06,2419.76,2556.23,2414.19,2461.33,642283.8038,0.017250856550076632,0.04185645297375964,3185.3365000000003,3256.3922,False,True,3848.8372983107065,2521.835701689294
324,2024-08-07,2461.33,2551.32,2309.04,2342.8,630115.4228,-0.04815689078668839,0.04039157547857092,3131.1515,3233.5798000000004,False,True,3882.8647509079,2379.4382490921
325,2024-08-08,2342.79,2724.1,2320.4,2682.5,586502.8754,0.14499743896192574,0.08263160947716326,3090.1,3216.0196,False,True,3845.8518059870116,2334.348194012988
326,2024-08-09,2682.5,2707.98,2552.61,2598.78,406739.9611,-0.031209692451071636,0.08050490083611019,3044.164,3197.7336,False,True,3802.213578114782,2286.1144218852182
327,2024-08-10,2598.79,2644.7,2576.49,2609.92,171012.3619,0.004286626801806914,0.08067886732639978,2997.864,3179.5619999999994,False,True,3742.445282782124,2253.282717217876
328,2024-08-11,2609.92,2720.0,2540.0,2555.38,297098.9145,-0.020897192251103425,0.07630919557117252,2953.653,3160.7545999999998,False,True,3692.781257201472,2214.5247427985278
329,2024-08-12,2555.38,2750.0,2510.05,2722.3,483414.2506,0.06532100900844506,0.06691175451472568,2915.6425,3146.7824000000005,False,True,3617.506751348545,2213.7782486514548
330,2024-08-13,2722.3,2738.4,2611.37,2702.44,325668.6964,-0.007295301766888307,0.06764556385689724,2883.974,3133.7766,False,True,3562.79193231904,2205.1560676809604
331,2024-08-14,2702.44,2780.0,2632.2,2661.45,338808.7141,-0.015167774307662807,0.06351126187399765,2858.2725,3119.1074,False,True,3529.500803834413,2187.044196165587
332,2024-08-15,2661.45,2675.6,2515.71,2569.89,356546.8059,-0.034402299498393685,0.03401318441569421,2823.0365,3103.0764,False,True,3475.98065959439,2170.0923404056102
333,2024-08-16,2569.9,2630.97,2550.04,2592.73,270684.1373,0.008887539933615907,0.03232031028080553,2790.2225000000003,3085.9221999999995,False,True,3418.528300198567,2161.9166998014334
334,2024-08-17,2592.72,2629.69,2587.5,2614.51,89348.676,0.008400411921025475,0.03244618057565142,2757.4399999999996,3070.6094,False,True,3347.567529624789,2167.31247037521
335,2024-08-18,2614.51,2689.16,2594.53,2612.15,174074.0585,-0.0009026547995609757,0.031080144218735565,2722.1645,3055.2764,False,True,3252.6192003815186,2191.709799618481
336,2024-08-19,2612.15,2648.08,2563.58,2636.36,224867.1336,0.009268227322320799,0.0161446719995837,2690.022,3039.2404000000006,False,True,3151.818335952282,2228.225664047718
337,2024-08-20,2636.36,2695.0,2555.0,2572.82,281315.8751,-0.024101412553672485,0.017801397633410265,2657.026,3021.8527999999997,False,True,3043.7488237599223,2270.3031762400774
338,2024-08-21,2572.81,2663.74,2536.22,2630.71,245286.6218,0.022500602451784424,0.020378262645515028,2628.3915,3006.04,False,True,2917.1833094242506,2339.5996905757497
339,2024-08-22,2630.71,2644.69,2584.2,2622.88,199063.1196,-0.002976382801601063,0.0145420387214528,2610.0550000000003,2992.5880000000006,False,True,2843.554868545001,2376.5551314549994
340,2024-08-23,2622.89,2799.13,2621.4,2762.48,401786.4447,0.05322393704630013,0.024065267322684193,2602.9970000000003,2986.6436,False,True,2805.6246424328656,2400.369357567135
341,2024-08-24,2762.49,2820.0,2731.26,2768.0,263542.9441,0.0019982045118878133,0.02422824138834577,2606.951,2982.368,False,True,2819.4825395938014,2394.4194604061986
342,2024-08-25,2768.01,2792.28,2733.21,2746.13,154527.2352,-0.00790101156069356,0.024814827240387475,2623.2780000000002,2975.954,False,True,2825.1070542539874,2421.448945746013
343,2024-08-26,2746.12,2762.0,2666.66,2680.49,211708.1247,-0.023902728567110954,0.027434308645533263,2634.236,2970.9438,False,True,2822.376818974024,2446.0951810259758
344,2024-08-27,2680.49,2699.98,2392.96,2457.33,412660.7197,-0.08325343500628613,0.04219928855987331,2639.9625,2959.7102,False,True,2794.77344179678,2485.1515582032202
345,2024-08-28,2457.33,2554.6,2418.8,2528.33,451266.634,0.028893148254406142,0.0429748069201695,2632.254,2948.9438,False,True,2793.3714715476285,2471.1365284523713
346,2024-08-29,2528.33,2595.4,2505.88,2527.61,237002.9632,-0.0002847729528976384,0.043006347722372947,2628.6955,2937.475,False,True,2795.952684816192,2461.438315183808
347,2024-08-30,2527.6,2552.17,2431.14,2526.0,338379.1941,-0.0006369653546235421,0.03504740620180881,2624.4995,2926.0036000000005,False,True,2797.839935283337,2451.1590647166627
348,2024-08-31,2525.99,2533.95,2491.92,2513.01,97946.1147,-0.005142517814726744,0.03466866091867415,2622.3810000000003,2913.5861999999997,False,True,2800.2546679900006,2444.50733201
349,2024-09-01,2513.0,2516.28,2400.0,2425.72,223127.776,-0.03473523782237253,0.03546273178219472,2607.552,2898.5820000000003,False,True,2799.264068049448,2415.8399319505525
350,2024-09-02,2425.71,2564.83,2423.52,2538.01,262632.8385,0.04629141038537021,0.042428670591281324,2599.3305,2884.4406,False,True,2787.9876392458496,2410.6733607541505
351,2024-09-03,2538.0,2553.6,2411.12,2425.29,224793.1299,-0.04441274857073074,0.03206583088771103,2587.5225,2863.2786000000006,False,True,2788.9397876994863,2386.105212300514
352,2024-09-04,2425.28,2490.0,2306.65,2450.71,384179.3854,0.010481220802460722,0.02984171425541205,2581.5635,2843.4102000000003,False,True,2792.026122987418,2371.1008770125823
353,2024-09-05,2450.71,2466.0,2348.04,2368.81,278549.0969,-0.03341888677158866,0.031711814815494094,2570.3675,2823.0454,False,True,2801.169899957893,2339.5651000421067
354,2024-09-06,2368.81,2408.83,2150.55,2225.23,643027.111,-0.06061271271229007,0.036829194630088546,2550.9035000000003,2799.02,False,True,2827.204514286588,2274.6024857134125
355,2024-09-07,2225.24,2311.27,2220.98,2273.58,219453.2076,0.021728091028792473,0.039610664879477286,2533.975,2774.421,False,True,2834.868895444553,2233.081104555447
356,2024-09-08,2273.58,2333.58,2240.94,2297.3,192775.6493,0.010432885581330043,0.03925712939201158,2517.022,2750.0170000000003,False,True,2831.526014105432,2202.517985894568
357,2024-09-09,2297.3,2381.41,2272.8,2359.5,321698.99,0.02707526226439727,0.035384381479711256,2506.356,2726.4886000000006,False,True,2827.29546741273,2185.4165325872705
358,2024-09-10,2359.51,2400.0,2320.41,2388.52,224382.1729,0.012299215935579477,0.03251987053475069,2494.2465,2705.467,False,True,2813.7028734501223,2174.790126549878
359,2024-09-11,2388.52,2389.32,2277.68,2340.55,282898.3125,-0.0200835663925778,0.032660791001326135,2480.13,2682.6277999999998,False,True,2800.60310566199,2159.6568943380103
360,2024-09-12,2340.54,2391.93,2315.39,2361.76,202611.1308,0.009061972613274571,0.030617707604438223,2460.094,2663.1468,False,True,2755.3549596450844,2164.8330403549157
361,2024-09-13,2361.75,2464.82,2337.35,2439.19,253888.616,0.03278487229862459,0.01723412540211099,2443.6535,2648.421,False,True,2700.896160150028,2186.4108398499716
362,2024-09-14,2439.19,2440.6,2376.72,2417.79,122931.2302,-0.008773404285849051,0.01856124521904292,2427.2365,2631.2846000000004,False,True,2641.5221009874135,2212.9508990125864
363,2024-09-15,2417.8,2430.32,2283.75,2316.1,174364.1946,-0.04205907047344892,0.026694019764641193,2409.017,2612.6264,False,True,2592.3699796924943,2225.6640203075053
364,2024-09-16,2316.09,2335.7,2252.39,2279.13,293981.8996,-0.01596217779888598,0.024695682457692963,2400.107,2592.8058,False,True,2590.7489746237234,2209.4650253762766
